login,name,company,location,email,hireable,bio,public_repos,followers,following,created_at
ValentineFernandes,,,,,False,,0,0,0,
kovidgoyal,,,,,False,,0,0,0,
slidenerd,,,,,False,,0,0,0,
aryashah2k,,,,,False,,0,0,0,
coding-parrot,,,,,False,,0,0,0,
gkcs,,,,,False,,0,0,0,
darshilparmar,,,,,False,,0,0,0,
Kushal334,,,,,False,,0,0,0,
ritz078,,,,,False,,0,0,0,
PrasoonPratham,,,,,False,,0,0,0,
rmehta,,,,,False,,0,0,0,
LakshyaDuhoonISU,,,,,False,,0,0,0,
dmalvia,,,,,False,,0,0,0,
PiyushKumarSingh-90,,,,,False,,0,0,0,
mfaisalkhatri,,,,,False,,0,0,0,
omsandippatil,,,,,False,,0,0,0,
anujvyas,,,,,False,,0,0,0,
jalajthanaki,,,,,False,,0,0,0,
alisolanki,,,,,False,,0,0,0,
ForceGT,,,,,False,,0,0,0,
Sahil4883,,,,,False,,0,0,0,
yTakkar,,,,,False,,0,0,0,
saineshwar,,,,,False,,0,0,0,
codescientists,,,,,False,,0,0,0,
amangoeliitb,,,,,False,,0,0,0,
debugger22,,,,,False,,0,0,0,
shifa123,,,,,False,,0,0,0,
shyamseshadri,,,,,False,,0,0,0,
alokproc,,,,,False,,0,0,0,
prasadgujar,,,,,False,,0,0,0,
